timestamp_utc,camera_id,camera_name,anomaly_type,missing_equipment,observed_equipment,confidence,screenshot_path
2026-05-02T08:24:41.610470+00:00,cam_1,Entrance Camera,missing_ppe,vest,helmet,0.0,
2026-05-02T08:31:31.369633+00:00,cam_1,Entrance Camera,missing_ppe,vest,"56, helmet",0.0,
2026-05-02T08:34:52.195996+00:00,cam_1,Entrance Camera,missing_ppe,vest,helmet,0.0,
2026-05-02T08:41:59.260139+00:00,cam_1,Entrance Camera,missing_ppe,vest,"67, helmet",0.0,
2026-05-02T08:51:41.791033+00:00,cam_1,Entrance Camera,missing_ppe,vest,"56, helmet",0.0,
2026-05-02T08:51:51.000163+00:00,cam_1,Entrance Camera,anomaly_cleared,,compliance restored,0.0,
2026-05-02T08:51:51.040469+00:00,cam_1,Entrance Camera,missing_ppe,vest,helmet,0.0,
2026-05-02T08:52:41.858941+00:00,cam_1,Entrance Camera,anomaly_cleared,,compliance restored,0.0,
2026-05-02T08:52:43.145581+00:00,cam_1,Entrance Camera,missing_ppe,vest,"56, helmet",0.0,
2026-05-02T08:52:43.676163+00:00,cam_1,Entrance Camera,anomaly_cleared,,compliance restored,0.0,
2026-05-02T08:52:44.061699+00:00,cam_1,Entrance Camera,anomaly_cleared,,compliance restored,0.0,
2026-05-02T08:52:44.293020+00:00,cam_1,Entrance Camera,anomaly_cleared,,compliance restored,0.0,
2026-05-02T08:52:44.749362+00:00,cam_1,Entrance Camera,anomaly_cleared,,compliance restored,0.0,
2026-05-02T08:52:47.019728+00:00,cam_1,Entrance Camera,missing_ppe,vest,helmet,0.0,
2026-05-02T08:52:47.251405+00:00,cam_1,Entrance Camera,anomaly_cleared,,compliance restored,0.0,
2026-05-02T08:52:48.832222+00:00,cam_1,Entrance Camera,anomaly_cleared,,compliance restored,0.0,
2026-05-02T08:52:49.123057+00:00,cam_1,Entrance Camera,anomaly_cleared,,compliance restored,0.0,
2026-05-02T08:52:53.677612+00:00,cam_1,Entrance Camera,missing_ppe,vest,helmet,0.0,
2026-05-02T08:54:07.749066+00:00,cam_1,Entrance Camera,anomaly_cleared,,compliance restored,0.0,
2026-05-02T08:54:07.865389+00:00,cam_1,Entrance Camera,missing_ppe,vest,helmet,0.0,
2026-05-02T08:54:21.010813+00:00,cam_1,Entrance Camera,anomaly_cleared,,compliance restored,0.0,
2026-05-02T08:54:21.148754+00:00,cam_1,Entrance Camera,missing_ppe,vest,helmet,0.0,
2026-05-02T12:02:46.866716+00:00,cam_1,Entrance Camera,missing_ppe,vest,"56, helmet",0.0,
2026-05-02T12:12:37.413754+00:00,cam_1,Entrance Camera,missing_ppe,"vest, goggles, gloves","56, helmet",0.0,
2026-05-02T12:22:41.572078+00:00,cam_1,Entrance Camera,missing_ppe,"vest, goggles, gloves",helmet,0.0,
2026-05-02T12:23:12.472045+00:00,cam_1,Entrance Camera,anomaly_cleared,,compliance restored,0.0,
2026-05-02T12:23:12.537469+00:00,cam_1,Entrance Camera,missing_ppe,"vest, goggles, gloves","39, helmet",0.0,
2026-05-02T12:29:29.042283+00:00,cam_1,Entrance Camera,missing_ppe,"helmet, vest, goggles, gloves",person,0.0,
2026-05-02T12:29:58.338996+00:00,cam_1,Entrance Camera,anomaly_cleared,,compliance restored,0.0,
2026-05-02T12:29:58.379121+00:00,cam_1,Entrance Camera,missing_ppe,"helmet, vest, goggles, gloves",person,0.0,
2026-05-02T12:29:58.918815+00:00,cam_1,Entrance Camera,anomaly_cleared,,compliance restored,0.0,
2026-05-02T12:29:59.073145+00:00,cam_1,Entrance Camera,anomaly_cleared,,compliance restored,0.0,
2026-05-02T12:29:59.226948+00:00,cam_1,Entrance Camera,anomaly_cleared,,compliance restored,0.0,
2026-05-02T12:29:59.529575+00:00,cam_1,Entrance Camera,anomaly_cleared,,compliance restored,0.0,
2026-05-02T12:30:00.015531+00:00,cam_1,Entrance Camera,anomaly_cleared,,compliance restored,0.0,
2026-05-02T12:30:00.096405+00:00,cam_1,Entrance Camera,anomaly_cleared,,compliance restored,0.0,
2026-05-02T12:30:00.210158+00:00,cam_1,Entrance Camera,anomaly_cleared,,compliance restored,0.0,
2026-05-02T12:30:00.511782+00:00,cam_1,Entrance Camera,missing_ppe,"helmet, vest, goggles, gloves","15, person",0.0,
2026-05-02T12:30:00.549637+00:00,cam_1,Entrance Camera,anomaly_cleared,,compliance restored,0.0,
2026-05-02T12:30:00.892591+00:00,cam_1,Entrance Camera,anomaly_cleared,,compliance restored,0.0,
2026-05-02T12:30:01.085486+00:00,cam_1,Entrance Camera,anomaly_cleared,,compliance restored,0.0,
2026-05-02T12:30:01.160875+00:00,cam_1,Entrance Camera,anomaly_cleared,,compliance restored,0.0,
2026-05-02T12:30:04.122221+00:00,cam_1,Entrance Camera,anomaly_cleared,,compliance restored,0.0,
2026-05-02T12:30:04.164035+00:00,cam_1,Entrance Camera,missing_ppe,"helmet, vest, goggles, gloves",person,0.0,
2026-05-02T12:30:38.095235+00:00,cam_1,Entrance Camera,anomaly_cleared,,compliance restored,0.0,
2026-05-02T12:30:38.156809+00:00,cam_1,Entrance Camera,missing_ppe,"helmet, vest, goggles, gloves",person,0.0,
2026-05-02T12:30:38.218372+00:00,cam_1,Entrance Camera,anomaly_cleared,,compliance restored,0.0,
2026-05-02T12:30:38.327854+00:00,cam_1,Entrance Camera,anomaly_cleared,,compliance restored,0.0,
2026-05-02T12:30:45.527852+00:00,cam_1,Entrance Camera,missing_ppe,"helmet, vest, goggles, gloves",person,0.0,
2026-05-02T12:30:45.591256+00:00,cam_1,Entrance Camera,anomaly_cleared,,compliance restored,0.0,
2026-05-02T12:31:04.760715+00:00,cam_1,Entrance Camera,missing_ppe,"helmet, vest, goggles, gloves","15, person",0.0,
2026-05-02T12:31:04.825285+00:00,cam_1,Entrance Camera,anomaly_cleared,,compliance restored,0.0,
2026-05-02T12:31:23.914314+00:00,cam_1,Entrance Camera,missing_ppe,"helmet, vest, goggles, gloves",person,0.0,
2026-05-02T12:31:24.039260+00:00,cam_1,Entrance Camera,anomaly_cleared,,compliance restored,0.0,
2026-05-02T12:31:24.697292+00:00,cam_1,Entrance Camera,anomaly_cleared,,compliance restored,0.0,
2026-05-02T12:31:24.928810+00:00,cam_1,Entrance Camera,anomaly_cleared,,compliance restored,0.0,
2026-05-02T12:31:25.023863+00:00,cam_1,Entrance Camera,anomaly_cleared,,compliance restored,0.0,
2026-05-02T12:31:25.491871+00:00,cam_1,Entrance Camera,anomaly_cleared,,compliance restored,0.0,
2026-05-02T12:31:25.649941+00:00,cam_1,Entrance Camera,anomaly_cleared,,compliance restored,0.0,
2026-05-02T12:31:25.775741+00:00,cam_1,Entrance Camera,anomaly_cleared,,compliance restored,0.0,
2026-05-02T12:31:26.053256+00:00,cam_1,Entrance Camera,anomaly_cleared,,compliance restored,0.0,
2026-05-02T12:31:26.274133+00:00,cam_1,Entrance Camera,missing_ppe,"helmet, vest, goggles, gloves",person,0.0,
2026-05-02T12:31:26.380668+00:00,cam_1,Entrance Camera,anomaly_cleared,,compliance restored,0.0,
2026-05-02T12:31:26.690002+00:00,cam_1,Entrance Camera,anomaly_cleared,,compliance restored,0.0,
2026-05-02T12:31:26.801325+00:00,cam_1,Entrance Camera,anomaly_cleared,,compliance restored,0.0,
2026-05-02T12:31:27.130773+00:00,cam_1,Entrance Camera,anomaly_cleared,,compliance restored,0.0,
2026-05-02T12:31:58.535759+00:00,cam_1,Entrance Camera,missing_ppe,"helmet, vest, goggles, gloves",person,0.0,
2026-05-02T12:31:58.595951+00:00,cam_1,Entrance Camera,anomaly_cleared,,compliance restored,0.0,
2026-05-02T12:31:59.393081+00:00,cam_1,Entrance Camera,anomaly_cleared,,compliance restored,0.0,
2026-05-02T12:31:59.580884+00:00,cam_1,Entrance Camera,anomaly_cleared,,compliance restored,0.0,
2026-05-02T12:32:00.589807+00:00,cam_1,Entrance Camera,missing_ppe,"helmet, vest, goggles, gloves",person,0.0,
2026-05-02T12:32:00.636323+00:00,cam_1,Entrance Camera,anomaly_cleared,,compliance restored,0.0,
2026-05-02T12:32:01.341961+00:00,cam_1,Entrance Camera,anomaly_cleared,,compliance restored,0.0,
2026-05-02T12:32:01.761273+00:00,cam_1,Entrance Camera,anomaly_cleared,,compliance restored,0.0,
2026-05-02T12:32:01.886192+00:00,cam_1,Entrance Camera,anomaly_cleared,,compliance restored,0.0,
2026-05-02T12:32:02.057262+00:00,cam_1,Entrance Camera,anomaly_cleared,,compliance restored,0.0,
2026-05-02T12:32:02.291904+00:00,cam_1,Entrance Camera,anomaly_cleared,,compliance restored,0.0,
2026-05-02T12:32:02.993049+00:00,cam_1,Entrance Camera,anomaly_cleared,,compliance restored,0.0,
2026-05-02T12:32:03.150222+00:00,cam_1,Entrance Camera,missing_ppe,"helmet, vest, goggles, gloves",person,0.0,
2026-05-02T12:32:03.337234+00:00,cam_1,Entrance Camera,anomaly_cleared,,compliance restored,0.0,
2026-05-02T12:32:03.523137+00:00,cam_1,Entrance Camera,anomaly_cleared,,compliance restored,0.0,
2026-05-02T12:32:04.008022+00:00,cam_1,Entrance Camera,anomaly_cleared,,compliance restored,0.0,
2026-05-02T12:32:04.180707+00:00,cam_1,Entrance Camera,anomaly_cleared,,compliance restored,0.0,
2026-05-02T12:32:04.304427+00:00,cam_1,Entrance Camera,anomaly_cleared,,compliance restored,0.0,
2026-05-02T12:32:04.554559+00:00,cam_1,Entrance Camera,anomaly_cleared,,compliance restored,0.0,
2026-05-02T12:32:04.722282+00:00,cam_1,Entrance Camera,anomaly_cleared,,compliance restored,0.0,
2026-05-02T12:32:05.085798+00:00,cam_1,Entrance Camera,anomaly_cleared,,compliance restored,0.0,
2026-05-02T12:32:05.269076+00:00,cam_1,Entrance Camera,anomaly_cleared,,compliance restored,0.0,
2026-05-02T12:32:05.336238+00:00,cam_1,Entrance Camera,missing_ppe,"helmet, vest, goggles, gloves",person,0.0,
2026-05-02T12:32:05.528888+00:00,cam_1,Entrance Camera,anomaly_cleared,,compliance restored,0.0,
2026-05-02T12:32:05.955255+00:00,cam_1,Entrance Camera,anomaly_cleared,,compliance restored,0.0,
2026-05-02T12:32:06.501100+00:00,cam_1,Entrance Camera,anomaly_cleared,,compliance restored,0.0,
2026-05-02T12:32:06.873716+00:00,cam_1,Entrance Camera,anomaly_cleared,,compliance restored,0.0,
2026-05-02T12:32:07.358430+00:00,cam_1,Entrance Camera,missing_ppe,"helmet, vest, goggles, gloves",person,0.0,
2026-05-02T12:32:07.420342+00:00,cam_1,Entrance Camera,anomaly_cleared,,compliance restored,0.0,
2026-05-02T12:32:07.669172+00:00,cam_1,Entrance Camera,anomaly_cleared,,compliance restored,0.0,
2026-05-02T12:32:07.839735+00:00,cam_1,Entrance Camera,anomaly_cleared,,compliance restored,0.0,
2026-05-02T12:32:07.962558+00:00,cam_1,Entrance Camera,anomaly_cleared,,compliance restored,0.0,
2026-05-02T12:32:08.480857+00:00,cam_1,Entrance Camera,anomaly_cleared,,compliance restored,0.0,
2026-05-02T12:32:08.791402+00:00,cam_1,Entrance Camera,anomaly_cleared,,compliance restored,0.0,
2026-05-02T12:32:08.976648+00:00,cam_1,Entrance Camera,anomaly_cleared,,compliance restored,0.0,
2026-05-02T12:32:09.412853+00:00,cam_1,Entrance Camera,missing_ppe,"helmet, vest, goggles, gloves",person,0.0,
2026-05-02T12:32:09.462111+00:00,cam_1,Entrance Camera,anomaly_cleared,,compliance restored,0.0,
2026-05-02T12:32:09.710755+00:00,cam_1,Entrance Camera,anomaly_cleared,,compliance restored,0.0,
2026-05-02T12:32:10.006214+00:00,cam_1,Entrance Camera,anomaly_cleared,,compliance restored,0.0,
2026-05-02T12:32:10.316094+00:00,cam_1,Entrance Camera,anomaly_cleared,,compliance restored,0.0,
2026-05-02T12:32:10.503677+00:00,cam_1,Entrance Camera,anomaly_cleared,,compliance restored,0.0,
2026-05-02T12:32:10.861714+00:00,cam_1,Entrance Camera,anomaly_cleared,,compliance restored,0.0,
2026-05-02T12:32:11.034458+00:00,cam_1,Entrance Camera,anomaly_cleared,,compliance restored,0.0,
2026-05-02T12:32:11.269643+00:00,cam_1,Entrance Camera,anomaly_cleared,,compliance restored,0.0,
2026-05-02T12:32:11.939075+00:00,cam_1,Entrance Camera,missing_ppe,"helmet, vest, goggles, gloves",person,0.0,
2026-05-02T12:32:12.123516+00:00,cam_1,Entrance Camera,anomaly_cleared,,compliance restored,0.0,
2026-05-02T12:32:12.946281+00:00,cam_1,Entrance Camera,anomaly_cleared,,compliance restored,0.0,
2026-05-02T12:32:13.069589+00:00,cam_1,Entrance Camera,anomaly_cleared,,compliance restored,0.0,
2026-05-02T12:32:13.240805+00:00,cam_1,Entrance Camera,anomaly_cleared,,compliance restored,0.0,
2026-05-02T12:32:13.550901+00:00,cam_1,Entrance Camera,anomaly_cleared,,compliance restored,0.0,
2026-05-02T12:32:13.942804+00:00,cam_1,Entrance Camera,anomaly_cleared,,compliance restored,0.0,
2026-05-02T12:32:14.065886+00:00,cam_1,Entrance Camera,missing_ppe,"helmet, vest, goggles, gloves",person,0.0,
2026-05-02T12:32:14.170349+00:00,cam_1,Entrance Camera,anomaly_cleared,,compliance restored,0.0,
2026-05-02T12:32:14.595221+00:00,cam_1,Entrance Camera,anomaly_cleared,,compliance restored,0.0,
2026-05-02T12:32:37.359673+00:00,cam_1,Entrance Camera,missing_ppe,"helmet, vest, goggles, gloves",person,0.0,
2026-05-02T12:32:37.601500+00:00,cam_1,Entrance Camera,anomaly_cleared,,compliance restored,0.0,
2026-05-02T12:32:38.714918+00:00,cam_1,Entrance Camera,anomaly_cleared,,compliance restored,0.0,
2026-05-02T12:32:39.025796+00:00,cam_1,Entrance Camera,anomaly_cleared,,compliance restored,0.0,
2026-05-02T12:32:40.685003+00:00,cam_1,Entrance Camera,missing_ppe,"helmet, vest, goggles, gloves",person,0.0,
2026-05-02T12:32:40.745127+00:00,cam_1,Entrance Camera,anomaly_cleared,,compliance restored,0.0,
2026-05-02T12:32:50.182897+00:00,cam_1,Entrance Camera,anomaly_cleared,,compliance restored,0.0,
2026-05-02T12:32:50.309191+00:00,cam_1,Entrance Camera,missing_ppe,"helmet, vest, goggles, gloves",person,0.0,
2026-05-02T12:32:55.773656+00:00,cam_1,Entrance Camera,anomaly_cleared,,compliance restored,0.0,
2026-05-02T12:32:56.459454+00:00,cam_1,Entrance Camera,missing_ppe,"helmet, vest, goggles, gloves",person,0.0,
2026-05-02T12:32:56.745821+00:00,cam_1,Entrance Camera,anomaly_cleared,,compliance restored,0.0,
2026-05-02T12:32:57.371078+00:00,cam_1,Entrance Camera,anomaly_cleared,,compliance restored,0.0,
2026-05-02T12:33:00.182315+00:00,cam_1,Entrance Camera,missing_ppe,"helmet, vest, goggles, gloves",person,0.0,
2026-05-02T12:33:00.302801+00:00,cam_1,Entrance Camera,anomaly_cleared,,compliance restored,0.0,
2026-05-02T12:33:02.255655+00:00,cam_1,Entrance Camera,missing_ppe,"helmet, vest, goggles, gloves",person,0.0,
2026-05-02T12:33:02.319577+00:00,cam_1,Entrance Camera,anomaly_cleared,,compliance restored,0.0,
2026-05-02T12:33:02.816548+00:00,cam_1,Entrance Camera,anomaly_cleared,,compliance restored,0.0,
2026-05-02T12:33:03.301190+00:00,cam_1,Entrance Camera,anomaly_cleared,,compliance restored,0.0,
2026-05-02T12:33:03.740780+00:00,cam_1,Entrance Camera,anomaly_cleared,,compliance restored,0.0,
2026-05-02T12:33:08.709745+00:00,cam_1,Entrance Camera,missing_ppe,"helmet, vest, goggles, gloves",person,0.0,
2026-05-02T12:33:08.910628+00:00,cam_1,Entrance Camera,anomaly_cleared,,compliance restored,0.0,
2026-05-02T12:33:28.042747+00:00,cam_1,Entrance Camera,missing_ppe,"helmet, vest, goggles, gloves",person,0.0,
2026-05-02T12:33:28.107462+00:00,cam_1,Entrance Camera,anomaly_cleared,,compliance restored,0.0,
2026-05-02T12:33:31.275493+00:00,cam_1,Entrance Camera,missing_ppe,"helmet, vest, goggles, gloves",person,0.0,
2026-05-02T12:33:31.335501+00:00,cam_1,Entrance Camera,anomaly_cleared,,compliance restored,0.0,
2026-05-02T12:33:34.323354+00:00,cam_1,Entrance Camera,missing_ppe,"helmet, vest, goggles, gloves","15, person",0.0,
2026-05-02T12:33:34.383361+00:00,cam_1,Entrance Camera,anomaly_cleared,,compliance restored,0.0,
2026-05-02T12:33:35.254837+00:00,cam_1,Entrance Camera,anomaly_cleared,,compliance restored,0.0,
2026-05-02T12:33:35.865495+00:00,cam_1,Entrance Camera,anomaly_cleared,,compliance restored,0.0,
2026-05-02T12:33:36.361839+00:00,cam_1,Entrance Camera,missing_ppe,"helmet, vest, goggles, gloves",person,0.0,
2026-05-02T12:33:36.422319+00:00,cam_1,Entrance Camera,anomaly_cleared,,compliance restored,0.0,
2026-05-02T12:33:39.892814+00:00,cam_1,Entrance Camera,missing_ppe,"helmet, vest, goggles, gloves",person,0.0,
2026-05-02T12:33:39.954072+00:00,cam_1,Entrance Camera,anomaly_cleared,,compliance restored,0.0,
2026-05-02T12:49:26.129314+00:00,cam_1,Entrance Camera,missing_ppe,"helmet, vest, goggles, gloves","39, person",0.0,
2026-05-02T13:18:07.693336+00:00,cam_1,Entrance Camera,missing_ppe,"helmet, vest, goggles, gloves",person,0.0,
2026-05-06T11:13:10.015872+00:00,cam_1,Entrance Camera,missing_ppe,"helmet, vest, goggles, gloves",person,0.0,
2026-05-06T11:13:21.088565+00:00,cam_1,Entrance Camera,anomaly_cleared,,compliance restored,0.0,
2026-05-06T11:13:21.130009+00:00,cam_1,Entrance Camera,missing_ppe,"helmet, vest, goggles, gloves",person,0.0,
2026-05-06T12:12:01.799115+00:00,cam_1,Entrance Camera,missing_ppe,"helmet, vest, goggles, gloves",person,0.0,
2026-05-06T12:12:17.137326+00:00,cam_1,Entrance Camera,anomaly_cleared,,compliance restored,0.0,
2026-05-06T12:12:17.177670+00:00,cam_1,Entrance Camera,missing_ppe,"helmet, vest, goggles, gloves","15, person",0.0,
2026-05-06T12:12:17.220920+00:00,cam_1,Entrance Camera,anomaly_cleared,,compliance restored,0.0,
2026-05-06T12:13:15.438016+00:00,cam_1,Entrance Camera,anomaly_cleared,,compliance restored,0.0,
2026-05-06T12:13:15.479540+00:00,cam_1,Entrance Camera,missing_ppe,"helmet, vest, goggles, gloves",person,0.0,
2026-05-06T12:13:15.753373+00:00,cam_1,Entrance Camera,anomaly_cleared,,compliance restored,0.0,
2026-05-06T12:14:52.285764+00:00,cam_1,Entrance Camera,anomaly_cleared,,compliance restored,0.0,
2026-05-06T12:14:56.955362+00:00,cam_1,Entrance Camera,missing_ppe,"helmet, vest, goggles, gloves",person,0.0,
2026-05-06T12:14:56.995559+00:00,cam_1,Entrance Camera,anomaly_cleared,,compliance restored,0.0,
2026-05-06T12:14:59.437247+00:00,cam_1,Entrance Camera,missing_ppe,"helmet, vest, goggles, gloves",person,0.0,
2026-05-06T12:14:59.514994+00:00,cam_1,Entrance Camera,anomaly_cleared,,compliance restored,0.0,
2026-05-06T12:15:00.147534+00:00,cam_1,Entrance Camera,anomaly_cleared,,compliance restored,0.0,
2026-05-06T12:15:00.780003+00:00,cam_1,Entrance Camera,anomaly_cleared,,compliance restored,0.0,
2026-05-06T12:15:00.873579+00:00,cam_1,Entrance Camera,anomaly_cleared,,compliance restored,0.0,
2026-05-06T12:15:01.279390+00:00,cam_1,Entrance Camera,anomaly_cleared,,compliance restored,0.0,
2026-05-06T12:15:02.783552+00:00,cam_1,Entrance Camera,missing_ppe,"helmet, vest, goggles, gloves",person,0.0,
2026-05-06T12:15:02.859636+00:00,cam_1,Entrance Camera,anomaly_cleared,,compliance restored,0.0,
2026-05-06T12:16:36.947994+00:00,cam_1,Entrance Camera,anomaly_cleared,,compliance restored,0.0,
2026-05-06T12:16:36.986496+00:00,cam_1,Entrance Camera,missing_ppe,"helmet, vest, goggles, gloves",person,0.0,
2026-05-06T12:16:37.025364+00:00,cam_1,Entrance Camera,anomaly_cleared,,compliance restored,0.0,
2026-05-06T12:17:06.981490+00:00,cam_1,Entrance Camera,anomaly_cleared,,compliance restored,0.0,
2026-05-06T12:17:07.025294+00:00,cam_1,Entrance Camera,missing_ppe,"helmet, vest, goggles, gloves",person,0.0,
2026-05-06T12:17:07.106641+00:00,cam_1,Entrance Camera,anomaly_cleared,,compliance restored,0.0,
2026-05-06T12:17:07.186094+00:00,cam_1,Entrance Camera,anomaly_cleared,,compliance restored,0.0,
2026-05-06T12:17:07.265530+00:00,cam_1,Entrance Camera,anomaly_cleared,,compliance restored,0.0,
2026-05-06T12:17:07.945016+00:00,cam_1,Entrance Camera,anomaly_cleared,,compliance restored,0.0,
2026-05-06T12:17:08.138247+00:00,cam_1,Entrance Camera,anomaly_cleared,,compliance restored,0.0,
2026-05-06T12:17:08.416872+00:00,cam_1,Entrance Camera,anomaly_cleared,,compliance restored,0.0,
2026-05-06T12:17:08.502045+00:00,cam_1,Entrance Camera,anomaly_cleared,,compliance restored,0.0,
2026-05-06T12:17:08.794658+00:00,cam_1,Entrance Camera,anomaly_cleared,,compliance restored,0.0,
2026-05-06T12:17:09.317355+00:00,cam_1,Entrance Camera,anomaly_cleared,,compliance restored,0.0,
2026-05-06T12:17:09.394037+00:00,cam_1,Entrance Camera,missing_ppe,"helmet, vest, goggles, gloves",person,0.0,
2026-05-06T12:17:09.673555+00:00,cam_1,Entrance Camera,anomaly_cleared,,compliance restored,0.0,
2026-05-06T12:17:10.073727+00:00,cam_1,Entrance Camera,anomaly_cleared,,compliance restored,0.0,
2026-05-06T12:17:10.266414+00:00,cam_1,Entrance Camera,anomaly_cleared,,compliance restored,0.0,
2026-05-06T12:17:10.347899+00:00,cam_1,Entrance Camera,anomaly_cleared,,compliance restored,0.0,
2026-05-06T12:17:10.433827+00:00,cam_1,Entrance Camera,anomaly_cleared,,compliance restored,0.0,
2026-05-06T12:17:10.593436+00:00,cam_1,Entrance Camera,anomaly_cleared,,compliance restored,0.0,
2026-05-06T12:17:10.875158+00:00,cam_1,Entrance Camera,anomaly_cleared,,compliance restored,0.0,
2026-05-06T12:17:11.174578+00:00,cam_1,Entrance Camera,anomaly_cleared,,compliance restored,0.0,
2026-05-06T12:17:11.426673+00:00,cam_1,Entrance Camera,anomaly_cleared,,compliance restored,0.0,
2026-05-06T12:17:11.591314+00:00,cam_1,Entrance Camera,missing_ppe,"helmet, vest, goggles, gloves","15, person",0.0,
2026-05-06T12:17:12.165500+00:00,cam_1,Entrance Camera,anomaly_cleared,,compliance restored,0.0,
2026-05-06T12:17:12.332177+00:00,cam_1,Entrance Camera,anomaly_cleared,,compliance restored,0.0,
2026-05-06T12:17:17.287382+00:00,cam_1,Entrance Camera,anomaly_cleared,,compliance restored,0.0,
2026-05-06T12:17:17.330624+00:00,cam_1,Entrance Camera,missing_ppe,"helmet, vest, goggles, gloves",person,0.0,
2026-05-06T12:17:19.834840+00:00,cam_1,Entrance Camera,anomaly_cleared,,compliance restored,0.0,
2026-05-06T12:17:19.898154+00:00,cam_1,Entrance Camera,missing_ppe,"helmet, vest, goggles, gloves","15, person",0.0,
2026-05-06T12:17:24.709441+00:00,cam_1,Entrance Camera,anomaly_cleared,,compliance restored,0.0,
2026-05-06T12:17:24.750039+00:00,cam_1,Entrance Camera,missing_ppe,"helmet, vest, goggles, gloves",person,0.0,
2026-05-06T12:17:24.831551+00:00,cam_1,Entrance Camera,anomaly_cleared,,compliance restored,0.0,
2026-05-06T12:17:24.917387+00:00,cam_1,Entrance Camera,anomaly_cleared,,compliance restored,0.0,
2026-05-06T12:17:25.307871+00:00,cam_1,Entrance Camera,anomaly_cleared,,compliance restored,0.0,
2026-05-06T12:17:25.469253+00:00,cam_1,Entrance Camera,anomaly_cleared,,compliance restored,0.0,
2026-05-06T12:17:26.121250+00:00,cam_1,Entrance Camera,anomaly_cleared,,compliance restored,0.0,
2026-05-06T12:17:26.851445+00:00,cam_1,Entrance Camera,anomaly_cleared,,compliance restored,0.0,
2026-05-06T12:17:34.406883+00:00,cam_1,Entrance Camera,missing_ppe,"helmet, vest, goggles, gloves",person,0.0,
2026-05-06T12:17:34.491897+00:00,cam_1,Entrance Camera,anomaly_cleared,,compliance restored,0.0,
2026-05-06T12:17:34.694361+00:00,cam_1,Entrance Camera,anomaly_cleared,,compliance restored,0.0,
2026-05-06T12:17:35.144232+00:00,cam_1,Entrance Camera,anomaly_cleared,,compliance restored,0.0,
2026-05-06T12:17:50.635486+00:00,cam_1,Entrance Camera,missing_ppe,"helmet, vest, goggles, gloves",person,0.0,
2026-05-06T12:17:50.672889+00:00,cam_1,Entrance Camera,anomaly_cleared,,compliance restored,0.0,
2026-05-06T12:17:52.077010+00:00,cam_1,Entrance Camera,anomaly_cleared,,compliance restored,0.0,
2026-05-06T12:17:53.191768+00:00,cam_1,Entrance Camera,missing_ppe,"helmet, vest, goggles, gloves",person,0.0,
2026-05-06T12:17:54.013590+00:00,cam_1,Entrance Camera,anomaly_cleared,,compliance restored,0.0,
2026-05-06T12:17:55.903078+00:00,cam_1,Entrance Camera,anomaly_cleared,,compliance restored,0.0,
2026-05-06T12:17:56.794636+00:00,cam_1,Entrance Camera,missing_ppe,"helmet, vest, goggles, gloves",person,0.0,
2026-05-06T12:17:56.839059+00:00,cam_1,Entrance Camera,anomaly_cleared,,compliance restored,0.0,
2026-05-06T12:17:57.690770+00:00,cam_1,Entrance Camera,anomaly_cleared,,compliance restored,0.0,
2026-05-06T12:19:26.450783+00:00,cam_1,Entrance Camera,missing_ppe,"helmet, vest, goggles, gloves",person,0.0,
2026-05-06T12:19:27.735941+00:00,cam_1,Entrance Camera,anomaly_cleared,,compliance restored,0.0,
2026-05-06T12:19:27.936747+00:00,cam_1,Entrance Camera,anomaly_cleared,,compliance restored,0.0,
2026-05-06T12:19:28.715007+00:00,cam_1,Entrance Camera,anomaly_cleared,,compliance restored,0.0,
2026-05-06T12:19:28.755102+00:00,cam_1,Entrance Camera,missing_ppe,"helmet, vest, goggles, gloves",person,0.0,
2026-05-06T12:19:28.793336+00:00,cam_1,Entrance Camera,anomaly_cleared,,compliance restored,0.0,
2026-05-06T12:19:29.421883+00:00,cam_1,Entrance Camera,anomaly_cleared,,compliance restored,0.0,
2026-05-06T12:19:30.014672+00:00,cam_1,Entrance Camera,anomaly_cleared,,compliance restored,0.0,
2026-05-06T12:19:30.145223+00:00,cam_1,Entrance Camera,anomaly_cleared,,compliance restored,0.0,
2026-05-06T12:19:30.346757+00:00,cam_1,Entrance Camera,anomaly_cleared,,compliance restored,0.0,
2026-05-06T12:19:30.742382+00:00,cam_1,Entrance Camera,anomaly_cleared,,compliance restored,0.0,
2026-05-06T12:19:31.015694+00:00,cam_1,Entrance Camera,missing_ppe,"helmet, vest, goggles, gloves",person,0.0,
2026-05-06T12:19:31.091329+00:00,cam_1,Entrance Camera,anomaly_cleared,,compliance restored,0.0,
2026-05-06T12:19:31.616496+00:00,cam_1,Entrance Camera,anomaly_cleared,,compliance restored,0.0,
2026-05-06T12:19:31.906714+00:00,cam_1,Entrance Camera,anomaly_cleared,,compliance restored,0.0,
2026-05-06T12:19:31.993199+00:00,cam_1,Entrance Camera,anomaly_cleared,,compliance restored,0.0,
2026-05-06T12:19:57.573899+00:00,cam_1,Entrance Camera,missing_ppe,"helmet, vest, goggles, gloves",person,0.0,
2026-05-06T12:19:57.944640+00:00,cam_1,Entrance Camera,anomaly_cleared,,compliance restored,0.0,
2026-05-06T12:19:58.145455+00:00,cam_1,Entrance Camera,anomaly_cleared,,compliance restored,0.0,
2026-05-06T12:19:58.267041+00:00,cam_1,Entrance Camera,anomaly_cleared,,compliance restored,0.0,
2026-05-06T12:20:13.339910+00:00,cam_1,Entrance Camera,missing_ppe,"helmet, vest, goggles, gloves",person,0.0,
2026-05-06T12:20:13.385005+00:00,cam_1,Entrance Camera,anomaly_cleared,,compliance restored,0.0,
2026-05-06T12:20:13.547713+00:00,cam_1,Entrance Camera,anomaly_cleared,,compliance restored,0.0,
2026-05-06T12:20:21.905225+00:00,cam_1,Entrance Camera,missing_ppe,"helmet, vest, goggles, gloves",person,0.0,
2026-05-06T12:20:21.949120+00:00,cam_1,Entrance Camera,anomaly_cleared,,compliance restored,0.0,
2026-05-06T12:20:28.986301+00:00,cam_1,Entrance Camera,anomaly_cleared,,compliance restored,0.0,
2026-05-06T12:20:29.108815+00:00,cam_1,Entrance Camera,missing_ppe,"helmet, vest, goggles, gloves",person,0.0,
2026-05-06T12:20:29.224453+00:00,cam_1,Entrance Camera,anomaly_cleared,,compliance restored,0.0,
2026-05-06T12:20:35.514389+00:00,cam_1,Entrance Camera,anomaly_cleared,,compliance restored,0.0,
2026-05-06T12:20:35.559425+00:00,cam_1,Entrance Camera,missing_ppe,"helmet, vest, goggles, gloves","15, person",0.0,
2026-05-06T12:20:35.601896+00:00,cam_1,Entrance Camera,anomaly_cleared,,compliance restored,0.0,
2026-05-06T12:20:36.101777+00:00,cam_1,Entrance Camera,anomaly_cleared,,compliance restored,0.0,
2026-05-06T12:20:37.826738+00:00,cam_1,Entrance Camera,missing_ppe,"helmet, vest, goggles, gloves",person,0.0,
2026-05-06T12:20:37.864144+00:00,cam_1,Entrance Camera,anomaly_cleared,,compliance restored,0.0,
2026-05-06T12:20:39.833385+00:00,cam_1,Entrance Camera,missing_ppe,"helmet, vest, goggles, gloves",person,0.0,
2026-05-06T12:20:39.872434+00:00,cam_1,Entrance Camera,anomaly_cleared,,compliance restored,0.0,
2026-05-06T12:20:40.146613+00:00,cam_1,Entrance Camera,anomaly_cleared,,compliance restored,0.0,
2026-05-06T12:20:40.347906+00:00,cam_1,Entrance Camera,anomaly_cleared,,compliance restored,0.0,
2026-05-06T12:20:41.312929+00:00,cam_1,Entrance Camera,anomaly_cleared,,compliance restored,0.0,
2026-05-06T12:20:41.478161+00:00,cam_1,Entrance Camera,anomaly_cleared,,compliance restored,0.0,
2026-05-06T12:20:41.638824+00:00,cam_1,Entrance Camera,anomaly_cleared,,compliance restored,0.0,
2026-05-06T12:20:42.655574+00:00,cam_1,Entrance Camera,anomaly_cleared,,compliance restored,0.0,
2026-05-06T12:20:42.699746+00:00,cam_1,Entrance Camera,missing_ppe,"helmet, vest, goggles, gloves","15, person",0.0,
2026-05-06T12:20:42.861044+00:00,cam_1,Entrance Camera,anomaly_cleared,,compliance restored,0.0,
2026-05-06T12:20:43.184332+00:00,cam_1,Entrance Camera,anomaly_cleared,,compliance restored,0.0,
2026-05-06T12:20:43.498584+00:00,cam_1,Entrance Camera,anomaly_cleared,,compliance restored,0.0,
2026-05-06T12:20:53.323102+00:00,cam_1,Entrance Camera,missing_ppe,"helmet, vest, goggles, gloves",person,0.0,
2026-05-06T12:23:08.822206+00:00,cam_1,Entrance Camera,anomaly_cleared,,compliance restored,0.0,
2026-05-06T12:23:08.919121+00:00,cam_1,Entrance Camera,missing_ppe,"helmet, vest, goggles, gloves",person,0.0,
2026-05-06T12:23:09.417789+00:00,cam_1,Entrance Camera,anomaly_cleared,,compliance restored,0.0,
2026-05-06T12:23:09.798934+00:00,cam_1,Entrance Camera,anomaly_cleared,,compliance restored,0.0,
2026-05-06T12:23:13.557369+00:00,cam_1,Entrance Camera,anomaly_cleared,,compliance restored,0.0,
2026-05-06T12:23:13.604585+00:00,cam_1,Entrance Camera,missing_ppe,"helmet, vest, goggles, gloves",person,0.0,
2026-05-06T12:25:02.125453+00:00,cam_1,Entrance Camera,anomaly_cleared,,compliance restored,0.0,
2026-05-06T12:25:02.247260+00:00,cam_1,Entrance Camera,missing_ppe,"helmet, vest, goggles, gloves",person,0.0,
2026-05-06T12:25:03.083407+00:00,cam_1,Entrance Camera,anomaly_cleared,,compliance restored,0.0,
2026-05-10T07:55:14.194094+00:00,cam_1,Entrance Camera,missing_ppe,"helmet, vest, goggles, gloves",person,0.0,
2026-05-10T08:03:43.819538+00:00,cam_1,Entrance Camera,missing_ppe,"helmet, vest, goggles, gloves",person,0.0,
2026-05-10T08:07:37.391100+00:00,cam_1,Entrance Camera,missing_ppe,"helmet, vest, goggles, gloves",person,0.0,
2026-05-10T08:30:03.662799+00:00,cam_1,Entrance Camera,missing_ppe,"helmet, vest, goggles, gloves","56, person",0.0,
2026-05-10T08:31:13.076967+00:00,cam_1,Entrance Camera,anomaly_cleared,,compliance restored,0.0,
2026-05-10T08:31:13.127200+00:00,cam_1,Entrance Camera,missing_ppe,"helmet, vest, goggles, gloves","56, person",0.0,
2026-05-10T08:31:13.313044+00:00,cam_1,Entrance Camera,anomaly_cleared,,compliance restored,0.0,
2026-05-10T08:35:37.041648+00:00,cam_1,Entrance Camera,missing_ppe,"helmet, vest, goggles, gloves","56, person",0.0,
2026-05-10T08:35:41.034312+00:00,cam_1,Entrance Camera,anomaly_cleared,,compliance restored,0.0,
2026-05-10T08:35:41.085113+00:00,cam_1,Entrance Camera,missing_ppe,"helmet, vest, goggles, gloves","56, person",0.0,
2026-05-10T08:35:41.442112+00:00,cam_1,Entrance Camera,anomaly_cleared,,compliance restored,0.0,
2026-05-10T08:35:42.039412+00:00,cam_1,Entrance Camera,anomaly_cleared,,compliance restored,0.0,
2026-05-10T08:35:42.211188+00:00,cam_1,Entrance Camera,anomaly_cleared,,compliance restored,0.0,
2026-05-10T08:35:44.215304+00:00,cam_1,Entrance Camera,anomaly_cleared,,compliance restored,0.0,
2026-05-10T08:35:48.368380+00:00,cam_1,Entrance Camera,missing_ppe,"helmet, vest, goggles, gloves","56, person",0.0,
2026-05-10T08:35:52.325180+00:00,cam_1,Entrance Camera,anomaly_cleared,,compliance restored,0.0,
2026-05-10T08:35:54.890908+00:00,cam_1,Entrance Camera,missing_ppe,"helmet, vest, goggles, gloves","56, person",0.0,
2026-05-10T08:35:56.892523+00:00,cam_1,Entrance Camera,anomaly_cleared,,compliance restored,0.0,
2026-05-10T08:35:56.941474+00:00,cam_1,Entrance Camera,missing_ppe,"helmet, vest, goggles, gloves","56, person",0.0,
2026-05-10T08:35:56.989003+00:00,cam_1,Entrance Camera,anomaly_cleared,,compliance restored,0.0,
2026-05-10T08:35:58.021384+00:00,cam_1,Entrance Camera,anomaly_cleared,,compliance restored,0.0,
2026-05-10T08:36:00.970102+00:00,cam_1,Entrance Camera,anomaly_cleared,,compliance restored,0.0,
2026-05-10T08:36:09.037425+00:00,cam_1,Entrance Camera,missing_ppe,"helmet, vest, goggles, gloves","56, person",0.0,
2026-05-10T08:36:11.143820+00:00,cam_1,Entrance Camera,anomaly_cleared,,compliance restored,0.0,
2026-05-10T08:36:11.189798+00:00,cam_1,Entrance Camera,missing_ppe,"helmet, vest, goggles, gloves","56, person",0.0,
2026-05-10T08:36:11.286836+00:00,cam_1,Entrance Camera,anomaly_cleared,,compliance restored,0.0,
2026-05-10T08:36:11.409396+00:00,cam_1,Entrance Camera,anomaly_cleared,,compliance restored,0.0,
2026-05-10T08:36:11.506003+00:00,cam_1,Entrance Camera,anomaly_cleared,,compliance restored,0.0,
2026-05-10T08:36:11.742824+00:00,cam_1,Entrance Camera,anomaly_cleared,,compliance restored,0.0,
2026-05-10T08:36:16.032216+00:00,cam_1,Entrance Camera,missing_ppe,"helmet, vest, goggles, gloves","56, person",0.0,
2026-05-10T08:36:16.125753+00:00,cam_1,Entrance Camera,anomaly_cleared,,compliance restored,0.0,
2026-05-10T08:36:16.596082+00:00,cam_1,Entrance Camera,anomaly_cleared,,compliance restored,0.0,
2026-05-10T08:36:18.525798+00:00,cam_1,Entrance Camera,anomaly_cleared,,compliance restored,0.0,
2026-05-10T08:36:18.745707+00:00,cam_1,Entrance Camera,missing_ppe,"helmet, vest, goggles, gloves","56, person",0.0,
2026-05-10T08:36:18.840256+00:00,cam_1,Entrance Camera,anomaly_cleared,,compliance restored,0.0,
2026-05-10T08:36:19.218014+00:00,cam_1,Entrance Camera,anomaly_cleared,,compliance restored,0.0,
2026-05-10T08:36:22.056719+00:00,cam_1,Entrance Camera,anomaly_cleared,,compliance restored,0.0,
2026-05-10T08:38:10.926500+00:00,cam_1,Entrance Camera,missing_ppe,"helmet, vest, goggles, gloves",person,0.0,
2026-05-10T08:38:11.087621+00:00,cam_1,Entrance Camera,anomaly_cleared,,compliance restored,0.0,
2026-05-10T08:38:11.242782+00:00,cam_1,Entrance Camera,anomaly_cleared,,compliance restored,0.0,
2026-05-10T08:38:13.872017+00:00,cam_1,Entrance Camera,anomaly_cleared,,compliance restored,0.0,
2026-05-10T08:38:13.930676+00:00,cam_1,Entrance Camera,missing_ppe,"helmet, vest, goggles, gloves","56, person",0.0,
2026-05-10T08:38:13.977598+00:00,cam_1,Entrance Camera,anomaly_cleared,,compliance restored,0.0,
2026-05-10T08:38:39.212336+00:00,cam_1,Entrance Camera,missing_ppe,"helmet, vest, goggles, gloves","56, person",0.0,
2026-05-10T08:38:42.530215+00:00,cam_1,Entrance Camera,anomaly_cleared,,compliance restored,0.0,
2026-05-10T08:39:13.594552+00:00,cam_1,Entrance Camera,missing_ppe,"helmet, vest, goggles, gloves","56, person",0.0,
2026-05-10T08:39:15.406451+00:00,cam_1,Entrance Camera,anomaly_cleared,,compliance restored,0.0,
2026-05-10T08:39:15.513826+00:00,cam_1,Entrance Camera,anomaly_cleared,,compliance restored,0.0,
2026-05-10T08:39:19.757149+00:00,cam_1,Entrance Camera,anomaly_cleared,,compliance restored,0.0,
2026-05-10T08:39:19.819999+00:00,cam_1,Entrance Camera,missing_ppe,"helmet, vest, goggles, gloves","56, person",0.0,
2026-05-10T08:39:19.992435+00:00,cam_1,Entrance Camera,anomaly_cleared,,compliance restored,0.0,
2026-05-10T08:39:20.258825+00:00,cam_1,Entrance Camera,anomaly_cleared,,compliance restored,0.0,
2026-05-10T08:39:20.614909+00:00,cam_1,Entrance Camera,anomaly_cleared,,compliance restored,0.0,
2026-05-10T08:39:20.768996+00:00,cam_1,Entrance Camera,anomaly_cleared,,compliance restored,0.0,
2026-05-10T08:39:21.960164+00:00,cam_1,Entrance Camera,anomaly_cleared,,compliance restored,0.0,
2026-05-10T08:39:22.020558+00:00,cam_1,Entrance Camera,missing_ppe,"helmet, vest, goggles, gloves","56, person",0.0,
2026-05-10T08:39:23.276418+00:00,cam_1,Entrance Camera,anomaly_cleared,,compliance restored,0.0,
2026-05-10T08:39:23.384837+00:00,cam_1,Entrance Camera,anomaly_cleared,,compliance restored,0.0,
2026-05-10T08:39:23.484354+00:00,cam_1,Entrance Camera,anomaly_cleared,,compliance restored,0.0,
2026-05-10T08:39:24.012850+00:00,cam_1,Entrance Camera,anomaly_cleared,,compliance restored,0.0,
2026-05-10T08:39:24.062718+00:00,cam_1,Entrance Camera,missing_ppe,"helmet, vest, goggles, gloves","56, person",0.0,
2026-05-10T08:39:24.388840+00:00,cam_1,Entrance Camera,anomaly_cleared,,compliance restored,0.0,
2026-05-10T08:39:24.840614+00:00,cam_1,Entrance Camera,anomaly_cleared,,compliance restored,0.0,
2026-05-10T08:39:25.718417+00:00,cam_1,Entrance Camera,anomaly_cleared,,compliance restored,0.0,
2026-05-10T08:39:26.348837+00:00,cam_1,Entrance Camera,anomaly_cleared,,compliance restored,0.0,
2026-05-10T08:39:26.521475+00:00,cam_1,Entrance Camera,missing_ppe,"helmet, vest, goggles, gloves","56, person",0.0,
2026-05-10T08:39:26.925182+00:00,cam_1,Entrance Camera,anomaly_cleared,,compliance restored,0.0,
2026-05-10T08:39:27.096511+00:00,cam_1,Entrance Camera,anomaly_cleared,,compliance restored,0.0,
2026-05-10T08:39:27.456454+00:00,cam_1,Entrance Camera,anomaly_cleared,,compliance restored,0.0,
2026-05-10T08:39:28.136625+00:00,cam_1,Entrance Camera,anomaly_cleared,,compliance restored,0.0,
2026-05-10T08:39:28.483188+00:00,cam_1,Entrance Camera,anomaly_cleared,,compliance restored,0.0,
2026-05-10T08:39:29.169929+00:00,cam_1,Entrance Camera,missing_ppe,"helmet, vest, goggles, gloves","56, person",0.0,
2026-05-10T08:39:29.341195+00:00,cam_1,Entrance Camera,anomaly_cleared,,compliance restored,0.0,
2026-05-10T08:39:32.233832+00:00,cam_1,Entrance Camera,anomaly_cleared,,compliance restored,0.0,
2026-05-10T08:39:32.289411+00:00,cam_1,Entrance Camera,missing_ppe,"helmet, vest, goggles, gloves","56, person",0.0,
2026-05-10T08:39:33.318963+00:00,cam_1,Entrance Camera,anomaly_cleared,,compliance restored,0.0,
2026-05-10T08:39:33.972015+00:00,cam_1,Entrance Camera,anomaly_cleared,,compliance restored,0.0,
2026-05-10T08:39:34.943931+00:00,cam_1,Entrance Camera,anomaly_cleared,,compliance restored,0.0,
2026-05-10T08:39:35.005825+00:00,cam_1,Entrance Camera,missing_ppe,"helmet, vest, goggles, gloves","56, person",0.0,
2026-05-10T08:39:38.050231+00:00,cam_1,Entrance Camera,anomaly_cleared,,compliance restored,0.0,
2026-05-10T08:39:38.097893+00:00,cam_1,Entrance Camera,missing_ppe,"helmet, vest, goggles, gloves","56, person",0.0,
2026-05-10T08:39:38.299431+00:00,cam_1,Entrance Camera,anomaly_cleared,,compliance restored,0.0,
2026-05-10T08:39:39.823172+00:00,cam_1,Entrance Camera,anomaly_cleared,,compliance restored,0.0,
2026-05-10T08:40:52.555777+00:00,cam_1,Entrance Camera,missing_ppe,"helmet, vest, goggles, gloves","56, person",0.0,
2026-05-10T08:40:57.996440+00:00,cam_1,Entrance Camera,anomaly_cleared,,compliance restored,0.0,
2026-05-10T08:40:58.044344+00:00,cam_1,Entrance Camera,missing_ppe,"helmet, vest, goggles, gloves","56, person",0.0,
2026-05-10T08:40:58.346528+00:00,cam_1,Entrance Camera,anomaly_cleared,,compliance restored,0.0,
2026-05-10T08:40:58.674191+00:00,cam_1,Entrance Camera,anomaly_cleared,,compliance restored,0.0,
2026-05-10T08:40:59.953465+00:00,cam_1,Entrance Camera,anomaly_cleared,,compliance restored,0.0,
2026-05-10T08:41:00.251589+00:00,cam_1,Entrance Camera,missing_ppe,"helmet, vest, goggles, gloves","56, person",0.0,
2026-05-10T08:41:00.422364+00:00,cam_1,Entrance Camera,anomaly_cleared,,compliance restored,0.0,
2026-05-10T08:41:03.818138+00:00,cam_1,Entrance Camera,anomaly_cleared,,compliance restored,0.0,
2026-05-10T08:41:03.868360+00:00,cam_1,Entrance Camera,missing_ppe,"helmet, vest, goggles, gloves","56, person",0.0,
2026-05-10T08:41:03.977053+00:00,cam_1,Entrance Camera,anomaly_cleared,,compliance restored,0.0,
2026-05-10T08:41:05.077862+00:00,cam_1,Entrance Camera,anomaly_cleared,,compliance restored,0.0,
2026-05-10T08:41:05.430062+00:00,cam_1,Entrance Camera,anomaly_cleared,,compliance restored,0.0,
2026-05-10T08:41:06.289376+00:00,cam_1,Entrance Camera,missing_ppe,"helmet, vest, goggles, gloves","56, person",0.0,
2026-05-10T08:41:06.508781+00:00,cam_1,Entrance Camera,anomaly_cleared,,compliance restored,0.0,
2026-05-10T08:41:06.870811+00:00,cam_1,Entrance Camera,anomaly_cleared,,compliance restored,0.0,
2026-05-10T08:41:07.091183+00:00,cam_1,Entrance Camera,anomaly_cleared,,compliance restored,0.0,
2026-05-10T08:41:08.121785+00:00,cam_1,Entrance Camera,anomaly_cleared,,compliance restored,0.0,
2026-05-10T08:41:09.691749+00:00,cam_1,Entrance Camera,missing_ppe,"helmet, vest, goggles, gloves","56, person",0.0,
2026-05-10T08:41:09.863106+00:00,cam_1,Entrance Camera,anomaly_cleared,,compliance restored,0.0,
2026-05-10T08:41:11.151088+00:00,cam_1,Entrance Camera,anomaly_cleared,,compliance restored,0.0,
2026-05-10T08:42:19.957476+00:00,cam_1,Entrance Camera,missing_ppe,"helmet, vest, goggles, gloves","56, person",0.0,
2026-05-10T08:42:21.217413+00:00,cam_1,Entrance Camera,anomaly_cleared,,compliance restored,0.0,
2026-05-10T08:42:21.529145+00:00,cam_1,Entrance Camera,anomaly_cleared,,compliance restored,0.0,
2026-05-10T08:42:22.384597+00:00,cam_1,Entrance Camera,anomaly_cleared,,compliance restored,0.0,
2026-05-10T08:42:22.480555+00:00,cam_1,Entrance Camera,missing_ppe,"helmet, vest, goggles, gloves","56, person",0.0,
2026-05-10T08:42:25.076095+00:00,cam_1,Entrance Camera,anomaly_cleared,,compliance restored,0.0,
2026-05-10T08:42:27.844585+00:00,cam_1,Entrance Camera,missing_ppe,"helmet, vest, goggles, gloves","56, person",0.0,
2026-05-10T08:42:28.115115+00:00,cam_1,Entrance Camera,anomaly_cleared,,compliance restored,0.0,
2026-05-10T08:42:30.142077+00:00,cam_1,Entrance Camera,missing_ppe,"helmet, vest, goggles, gloves","56, person",0.0,
2026-05-10T08:42:30.424011+00:00,cam_1,Entrance Camera,anomaly_cleared,,compliance restored,0.0,
2026-05-10T08:42:30.742852+00:00,cam_1,Entrance Camera,anomaly_cleared,,compliance restored,0.0,
2026-05-10T08:42:31.086201+00:00,cam_1,Entrance Camera,anomaly_cleared,,compliance restored,0.0,
2026-05-10T08:42:31.559189+00:00,cam_1,Entrance Camera,anomaly_cleared,,compliance restored,0.0,
2026-05-10T08:42:32.541132+00:00,cam_1,Entrance Camera,anomaly_cleared,,compliance restored,0.0,
2026-05-10T08:42:34.139546+00:00,cam_1,Entrance Camera,missing_ppe,"helmet, vest, goggles, gloves","56, person",0.0,
2026-05-10T08:42:34.279542+00:00,cam_1,Entrance Camera,anomaly_cleared,,compliance restored,0.0,
2026-05-10T08:42:34.421199+00:00,cam_1,Entrance Camera,anomaly_cleared,,compliance restored,0.0,
2026-05-10T08:42:34.707360+00:00,cam_1,Entrance Camera,anomaly_cleared,,compliance restored,0.0,
2026-05-10T08:42:35.314897+00:00,cam_1,Entrance Camera,anomaly_cleared,,compliance restored,0.0,
2026-05-10T08:42:36.092505+00:00,cam_1,Entrance Camera,anomaly_cleared,,compliance restored,0.0,
2026-05-10T08:42:36.666349+00:00,cam_1,Entrance Camera,missing_ppe,"helmet, vest, goggles, gloves","56, person",0.0,
2026-05-10T08:42:37.256569+00:00,cam_1,Entrance Camera,anomaly_cleared,,compliance restored,0.0,
2026-05-10T08:42:37.678455+00:00,cam_1,Entrance Camera,anomaly_cleared,,compliance restored,0.0,
2026-05-10T08:42:38.839200+00:00,cam_1,Entrance Camera,anomaly_cleared,,compliance restored,0.0,
2026-05-10T08:42:39.403565+00:00,cam_1,Entrance Camera,missing_ppe,"helmet, vest, goggles, gloves","56, person",0.0,
2026-05-10T08:42:39.526219+00:00,cam_1,Entrance Camera,anomaly_cleared,,compliance restored,0.0,
2026-05-10T08:42:39.900022+00:00,cam_1,Entrance Camera,anomaly_cleared,,compliance restored,0.0,
2026-05-10T08:42:40.650414+00:00,cam_1,Entrance Camera,anomaly_cleared,,compliance restored,0.0,
2026-05-10T08:42:40.871748+00:00,cam_1,Entrance Camera,anomaly_cleared,,compliance restored,0.0,
2026-05-10T08:42:41.076386+00:00,cam_1,Entrance Camera,anomaly_cleared,,compliance restored,0.0,
2026-05-10T08:42:41.561865+00:00,cam_1,Entrance Camera,missing_ppe,"helmet, vest, goggles, gloves","56, person",0.0,
2026-05-10T08:42:41.609204+00:00,cam_1,Entrance Camera,anomaly_cleared,,compliance restored,0.0,
2026-05-10T08:42:42.294276+00:00,cam_1,Entrance Camera,anomaly_cleared,,compliance restored,0.0,
2026-05-10T08:42:42.403713+00:00,cam_1,Entrance Camera,anomaly_cleared,,compliance restored,0.0,
2026-05-10T08:42:44.436015+00:00,cam_1,Entrance Camera,missing_ppe,"helmet, vest, goggles, gloves","56, person",0.0,
2026-05-10T08:42:44.559400+00:00,cam_1,Entrance Camera,anomaly_cleared,,compliance restored,0.0,
2026-05-10T08:42:44.805380+00:00,cam_1,Entrance Camera,anomaly_cleared,,compliance restored,0.0,
2026-05-10T08:42:46.467380+00:00,cam_1,Entrance Camera,missing_ppe,"helmet, vest, goggles, gloves","56, person",0.0,
2026-05-10T08:42:46.910590+00:00,cam_1,Entrance Camera,anomaly_cleared,,compliance restored,0.0,
2026-05-10T08:42:47.295869+00:00,cam_1,Entrance Camera,anomaly_cleared,,compliance restored,0.0,
2026-05-10T08:42:48.860999+00:00,cam_1,Entrance Camera,missing_ppe,"helmet, vest, goggles, gloves","56, person",0.0,
2026-05-10T08:42:49.144420+00:00,cam_1,Entrance Camera,anomaly_cleared,,compliance restored,0.0,
2026-05-10T08:42:50.689884+00:00,cam_1,Entrance Camera,anomaly_cleared,,compliance restored,0.0,
2026-05-10T08:42:50.886904+00:00,cam_1,Entrance Camera,missing_ppe,"helmet, vest, goggles, gloves","56, person",0.0,
2026-05-10T08:42:50.996518+00:00,cam_1,Entrance Camera,anomaly_cleared,,compliance restored,0.0,
2026-05-10T08:42:51.103842+00:00,cam_1,Entrance Camera,anomaly_cleared,,compliance restored,0.0,
2026-05-10T08:42:51.463831+00:00,cam_1,Entrance Camera,anomaly_cleared,,compliance restored,0.0,
2026-05-10T08:42:51.574236+00:00,cam_1,Entrance Camera,anomaly_cleared,,compliance restored,0.0,
2026-05-10T08:42:51.933544+00:00,cam_1,Entrance Camera,anomaly_cleared,,compliance restored,0.0,
2026-05-10T08:42:52.047619+00:00,cam_1,Entrance Camera,anomaly_cleared,,compliance restored,0.0,
2026-05-10T08:42:52.456395+00:00,cam_1,Entrance Camera,anomaly_cleared,,compliance restored,0.0,
2026-05-10T08:43:00.254259+00:00,cam_1,Entrance Camera,missing_ppe,"helmet, vest, goggles, gloves","56, person",0.0,
2026-05-10T08:44:08.792628+00:00,cam_1,Entrance Camera,anomaly_cleared,,compliance restored,0.0,
2026-05-10T08:49:00.634977+00:00,cam_1,Entrance Camera,missing_ppe,"helmet, vest, goggles, gloves","56, person",0.0,
2026-05-10T08:49:03.801193+00:00,cam_1,Entrance Camera,anomaly_cleared,,compliance restored,0.0,
2026-05-10T08:49:03.863777+00:00,cam_1,Entrance Camera,missing_ppe,"helmet, vest, goggles, gloves","56, person",0.0,
2026-05-10T08:49:03.927707+00:00,cam_1,Entrance Camera,anomaly_cleared,,compliance restored,0.0,
2026-05-10T08:49:04.320811+00:00,cam_1,Entrance Camera,anomaly_cleared,,compliance restored,0.0,
2026-05-10T08:49:04.505545+00:00,cam_1,Entrance Camera,anomaly_cleared,,compliance restored,0.0,
2026-05-10T08:49:05.898780+00:00,cam_1,Entrance Camera,anomaly_cleared,,compliance restored,0.0,
2026-05-10T08:49:06.803705+00:00,cam_1,Entrance Camera,missing_ppe,"helmet, vest, goggles, gloves","56, person",0.0,
2026-05-10T08:49:06.852561+00:00,cam_1,Entrance Camera,anomaly_cleared,,compliance restored,0.0,
2026-05-10T08:49:07.354645+00:00,cam_1,Entrance Camera,anomaly_cleared,,compliance restored,0.0,
2026-05-10T08:49:07.465909+00:00,cam_1,Entrance Camera,anomaly_cleared,,compliance restored,0.0,
2026-05-10T08:49:16.145880+00:00,cam_1,Entrance Camera,anomaly_cleared,,compliance restored,0.0,
2026-05-10T08:49:16.196883+00:00,cam_1,Entrance Camera,missing_ppe,"helmet, vest, goggles, gloves","56, person",0.0,
2026-05-10T08:49:16.258328+00:00,cam_1,Entrance Camera,anomaly_cleared,,compliance restored,0.0,
2026-05-10T08:49:58.799990+00:00,cam_1,Entrance Camera,missing_ppe,"helmet, vest, goggles, gloves","56, person",0.0,
2026-05-10T08:49:59.089766+00:00,cam_1,Entrance Camera,anomaly_cleared,,compliance restored,0.0,
2026-05-10T08:49:59.558219+00:00,cam_1,Entrance Camera,anomaly_cleared,,compliance restored,0.0,
2026-05-10T08:49:59.770121+00:00,cam_1,Entrance Camera,anomaly_cleared,,compliance restored,0.0,
2026-05-10T08:49:59.956574+00:00,cam_1,Entrance Camera,anomaly_cleared,,compliance restored,0.0,
2026-05-10T08:50:00.697365+00:00,cam_1,Entrance Camera,anomaly_cleared,,compliance restored,0.0,
2026-05-10T08:50:01.138811+00:00,cam_1,Entrance Camera,missing_ppe,"helmet, vest, goggles, gloves","56, person",0.0,
2026-05-10T08:50:01.389914+00:00,cam_1,Entrance Camera,anomaly_cleared,,compliance restored,0.0,
2026-05-10T08:50:14.281149+00:00,cam_1,Entrance Camera,anomaly_cleared,,compliance restored,0.0,
2026-05-10T08:50:14.342316+00:00,cam_1,Entrance Camera,missing_ppe,"helmet, vest, goggles, gloves","56, person",0.0,
2026-05-10T08:50:14.531543+00:00,cam_1,Entrance Camera,anomaly_cleared,,compliance restored,0.0,
2026-05-10T08:50:14.896899+00:00,cam_1,Entrance Camera,anomaly_cleared,,compliance restored,0.0,
2026-05-10T08:50:15.491653+00:00,cam_1,Entrance Camera,anomaly_cleared,,compliance restored,0.0,
2026-05-10T08:50:16.959057+00:00,cam_1,Entrance Camera,anomaly_cleared,,compliance restored,0.0,
2026-05-10T08:50:17.143118+00:00,cam_1,Entrance Camera,missing_ppe,"helmet, vest, goggles, gloves","56, person",0.0,
2026-05-10T08:50:17.204450+00:00,cam_1,Entrance Camera,anomaly_cleared,,compliance restored,0.0,
2026-05-10T08:50:19.254786+00:00,cam_1,Entrance Camera,missing_ppe,"helmet, vest, goggles, gloves","56, person",0.0,
2026-05-10T08:50:19.365183+00:00,cam_1,Entrance Camera,anomaly_cleared,,compliance restored,0.0,
2026-05-10T08:50:24.792921+00:00,cam_1,Entrance Camera,anomaly_cleared,,compliance restored,0.0,
2026-05-10T08:50:24.966125+00:00,cam_1,Entrance Camera,missing_ppe,"helmet, vest, goggles, gloves","56, person",0.0,
2026-05-10T08:50:25.017422+00:00,cam_1,Entrance Camera,anomaly_cleared,,compliance restored,0.0,
2026-05-10T08:50:25.815425+00:00,cam_1,Entrance Camera,anomaly_cleared,,compliance restored,0.0,
2026-05-10T08:50:26.780248+00:00,cam_1,Entrance Camera,anomaly_cleared,,compliance restored,0.0,
2026-05-10T08:50:26.951433+00:00,cam_1,Entrance Camera,anomaly_cleared,,compliance restored,0.0,
2026-05-10T08:50:27.079015+00:00,cam_1,Entrance Camera,missing_ppe,"helmet, vest, goggles, gloves","24, 56, person",0.0,
2026-05-10T08:50:45.186075+00:00,cam_1,Entrance Camera,anomaly_cleared,,compliance restored,0.0,
2026-05-10T08:52:14.456977+00:00,cam_1,Entrance Camera,missing_ppe,"helmet, vest, goggles, gloves","56, person",0.0,
2026-05-10T08:52:16.742042+00:00,cam_1,Entrance Camera,anomaly_cleared,,compliance restored,0.0,
2026-05-10T08:52:17.021431+00:00,cam_1,Entrance Camera,missing_ppe,"helmet, vest, goggles, gloves","56, person",0.0,
2026-05-10T08:52:17.132675+00:00,cam_1,Entrance Camera,anomaly_cleared,,compliance restored,0.0,
2026-05-10T10:10:22.732633+00:00,cam_1,Entrance Camera,missing_ppe,"helmet, vest, goggles, gloves","56, person",0.0,
2026-05-10T10:10:29.175969+00:00,cam_1,Entrance Camera,anomaly_cleared,,compliance restored,0.0,
2026-05-10T10:10:29.224399+00:00,cam_1,Entrance Camera,missing_ppe,"helmet, vest, goggles, gloves","56, person",0.0,
2026-05-10T10:10:29.334736+00:00,cam_1,Entrance Camera,anomaly_cleared,,compliance restored,0.0,
2026-05-10T10:10:32.047338+00:00,cam_1,Entrance Camera,missing_ppe,"helmet, vest, goggles, gloves","56, person",0.0,
2026-05-10T10:10:55.180752+00:00,cam_1,Entrance Camera,anomaly_cleared,,compliance restored,0.0,
2026-05-10T10:10:55.245847+00:00,cam_1,Entrance Camera,missing_ppe,"helmet, vest, goggles, gloves","56, person",0.0,
2026-05-10T10:10:55.481258+00:00,cam_1,Entrance Camera,anomaly_cleared,,compliance restored,0.0,
2026-05-10T10:10:56.044814+00:00,cam_1,Entrance Camera,anomaly_cleared,,compliance restored,0.0,
2026-05-10T10:15:12.581332+00:00,cam_1,Entrance Camera,anomaly_cleared,,compliance restored,0.0,
2026-05-10T10:15:12.695304+00:00,cam_1,Entrance Camera,missing_ppe,"helmet, vest, goggles, gloves","56, person",0.0,
2026-05-10T10:15:17.956379+00:00,cam_1,Entrance Camera,anomaly_cleared,,compliance restored,0.0,
2026-05-10T10:15:18.016669+00:00,cam_1,Entrance Camera,missing_ppe,"helmet, vest, goggles, gloves","56, person",0.0,
2026-05-10T10:15:18.140140+00:00,cam_1,Entrance Camera,anomaly_cleared,,compliance restored,0.0,
2026-05-10T10:15:37.261938+00:00,cam_1,Entrance Camera,anomaly_cleared,,compliance restored,0.0,
2026-05-10T10:15:37.324048+00:00,cam_1,Entrance Camera,missing_ppe,"helmet, vest, goggles, gloves",person,0.0,
2026-05-30T14:34:37.739040+00:00,cam_1,Camera 1,missing_ppe,"helmet, vest, goggles, gloves",person,0.0,
2026-05-30T14:34:40.171748+00:00,cam_1,Camera 1,anomaly_cleared,,compliance restored,0.0,
2026-05-30T14:34:40.215348+00:00,cam_1,Camera 1,missing_ppe,"helmet, vest, goggles, gloves",person,0.0,
2026-05-30T14:34:40.298444+00:00,cam_1,Camera 1,anomaly_cleared,,compliance restored,0.0,
2026-05-30T14:34:40.418673+00:00,cam_1,Camera 1,anomaly_cleared,,compliance restored,0.0,
2026-05-30T14:34:46.092643+00:00,cam_1,Camera 1,missing_ppe,"helmet, vest, goggles, gloves",person,0.0,
2026-05-30T14:35:39.021241+00:00,cam_1,Camera 1,missing_ppe,"helmet, vest, goggles, gloves",person,0.0,
2026-05-30T14:35:40.300118+00:00,cam_1,Camera 1,anomaly_cleared,,compliance restored,0.0,
2026-05-30T14:35:44.275165+00:00,cam_1,Camera 1,missing_ppe,"helmet, vest, goggles, gloves",person,0.0,
2026-05-31T11:19:24.538228+00:00,cam_1,Camera 1,missing_ppe,"helmet, vest, goggles, gloves",person,0.0,
2026-05-31T11:19:27.062847+00:00,cam_1,Camera 1,anomaly_cleared,,compliance restored,0.0,
2026-05-31T11:19:28.577609+00:00,cam_1,Camera 1,missing_ppe,"helmet, vest, goggles, gloves",person,0.0,
2026-05-31T11:19:29.661595+00:00,cam_1,Camera 1,anomaly_cleared,,compliance restored,0.0,
2026-05-31T11:19:30.808874+00:00,cam_1,Camera 1,missing_ppe,"helmet, vest, goggles, gloves",person,0.0,
2026-05-31T11:23:24.098432+00:00,cam_1,Camera 1,missing_ppe,"helmet, vest, goggles, gloves",person,0.0,
2026-05-31T11:23:44.950537+00:00,cam_1,Camera 1,anomaly_cleared,,compliance restored,0.0,
2026-05-31T11:27:21.678258+00:00,cam_1,Camera 1,missing_ppe,"helmet, vest, goggles, gloves",person,0.0,
2026-05-31T11:40:41.590052+00:00,cam_1,Camera 1,missing_ppe,"helmet, vest, goggles, gloves",person,0.0,
2026-05-31T11:42:42.358093+00:00,cam_1,Camera 1,missing_ppe,vest,person,0.0,
2026-05-31T11:42:42.432712+00:00,cam_4,Camera 4,missing_ppe,vest,person,0.0,
2026-05-31T11:42:42.436737+00:00,cam_6,Camera 6,missing_ppe,vest,person,0.0,
2026-05-31T11:42:42.455273+00:00,cam_2,Camera 2,missing_ppe,vest,person,0.0,
2026-05-31T11:43:15.701229+00:00,cam_1,Camera 1,missing_ppe,vest,person,0.0,
2026-05-31T11:43:15.711747+00:00,cam_2,Camera 2,missing_ppe,vest,person,0.0,
2026-05-31T11:43:15.739301+00:00,cam_4,Camera 4,missing_ppe,vest,person,0.0,
2026-05-31T11:43:15.832498+00:00,cam_6,Camera 6,missing_ppe,vest,person,0.0,
2026-05-31T11:44:28.257079+00:00,cam_4,Camera 4,missing_ppe,vest,person,0.0,
2026-05-31T11:44:28.259084+00:00,cam_1,Camera 1,missing_ppe,vest,person,0.0,
2026-05-31T11:44:28.277121+00:00,cam_6,Camera 6,missing_ppe,vest,person,0.0,
2026-05-31T11:44:28.309691+00:00,cam_2,Camera 2,missing_ppe,vest,person,0.0,
2026-05-31T11:47:44.933323+00:00,cam_1,Camera 1,missing_ppe,vest,person,0.0,
2026-05-31T11:47:45.018990+00:00,cam_4,Camera 4,missing_ppe,vest,person,0.0,
2026-05-31T11:47:45.029538+00:00,cam_2,Camera 2,missing_ppe,vest,person,0.0,
2026-05-31T11:47:45.047097+00:00,cam_6,Camera 6,missing_ppe,vest,person,0.0,
